image_file;crossroads
images/68fb5a23-401f-4fdf-9432-58d56326a113.jpg;[4, 3, 5]
images/1648cd00-3203-4964-9a06-44ed9bccbc37.jpg;[4, 5, 3, 4]
images/7d8bb24e-7f30-4037-b234-77152739a923.jpg;[1]
images/c3319641-21df-48a3-8569-d223060e53b4.jpg;[4, 5, 3, 4]
images/0298dee2-d599-4a81-85c2-fdd712f980b8.jpg;[3, 1]
images/616b9667-4760-46f5-a619-da3a0cf196e0.jpg;[3, 1]
images/a5f84733-d18a-4f89-95ef-c49fc04b295f.jpg;[5, 2]
images/de87579f-1faa-4b72-a1e4-2a280e4ad633.jpg;[3, 5]
images/92b6c79a-3ac0-416c-985d-3142638819ac.jpg;[5]
images/4f8772da-200a-4d58-9642-3add120732ef.jpg;[5, 4]
images/bd7dbf10-5f73-4509-9269-05cde540bd8f.jpg;[4, 3, 2]
images/875c9b96-09d1-4240-a700-2214f515a874.jpg;[1, 3, 2]
images/20a2a916-4539-40c2-a43e-74dc53b6ff74.jpg;[1]
images/e6e4bfb8-fcc7-47b9-9c33-a1fa479deca9.jpg;[1, 4, 3, 1]
images/cb472410-dba3-440c-bfb1-a253a0d88c8f.jpg;[4, 3, 5]
images/6d2e8598-e937-4510-8682-44e5d6da1cee.jpg;[]
images/2f4f9cec-214a-4c4f-9786-53aaadd04c37.jpg;[4, 3, 2]
images/ebe9d3a2-bcae-49ed-a62a-18244665083c.jpg;[5, 3, 4]
images/bf0909de-e6d6-4a58-ad87-2791842ed24f.jpg;[1, 3]
images/ae7b0f4e-e791-4535-8799-56a301f2b909.jpg;[3, 1]
images/aa5ab7d0-7f3b-452e-ae50-edcdc5982d6a.jpg;[4, 3, 1, 4]
images/ab6f4539-8888-4df7-ba17-1a84533f80b1.jpg;[1]
images/01e1c9cf-8ade-455b-bbc6-e404413cbc04.jpg;[1, 3, 2]
images/3367ca18-6714-48e0-b2ea-fc50e8cbb861.jpg;[4, 5, 3]
images/6ef2d697-5279-4ad8-809e-a4029c36c9b0.jpg;[2, 1, 4]
images/c0ae4069-d0aa-4305-89e9-347ffc1bc9c2.jpg;[3, 2]
images/69f24813-95fa-4548-a38f-848f6e6d9db1.jpg;[3, 1, 4]
images/71162045-33ac-4be1-b280-b689dd4af779.jpg;[3, 1]
images/c5f50a5c-ab87-4675-9e42-81c59f57e082.jpg;[5, 2]
images/49962c76-9483-4a9e-9fa7-b4b6ec29a6cc.jpg;[4, 5, 2]
images/9a71f00e-d980-4742-9f8c-9638142f753e.jpg;[2, 3, 5]
images/a4092e35-0529-4164-b0b5-7088b77cb14b.jpg;[2, 3, 4]
images/9bdf387e-ebc5-438e-ba2b-10f63295ebe6.jpg;[1, 4, 3]
images/753d80d9-c341-4119-b398-a89b1cddfa46.jpg;[3, 2]
images/3064ac26-41e3-44a9-9378-72f423b3b5db.jpg;[3, 2, 1]
images/d6b53cd6-60a4-458c-84de-ad7db40b3a45.jpg;[1, 4, 3]
images/6a9ad37b-cc1b-4847-b67a-9976dec0f2d7.jpg;[4, 1, 3, 5]
images/41e697a7-f8f2-42e4-a6c8-6705376065f0.jpg;[2, 3, 4]
images/2c08d80d-8a69-407d-a36d-d1a5f20eb2dd.jpg;[2]
images/07fb2a3d-18b6-4e83-9c5b-c741d5c27002.jpg;[4, 3, 1]
images/85733764-c611-4f84-b9b8-e210587e2d42.jpg;[5, 3, 1]
images/2f30daf8-f12e-4ea8-a69c-5ae5aec5fa65.jpg;[]
images/656bb616-a2ac-4d3a-9c2c-916b19df4900.jpg;[]
images/0ea00dd4-cde9-420c-b02b-0db992b93de2.jpg;[]
images/1d617a4c-68a0-40c8-99e0-196735d179e5.jpg;[]
images/7033b7f6-3f8c-408d-9fdd-ba106527763b.jpg;[]
images/f89266d3-6c8d-4f9e-8e72-483be1425bbe.jpg;[]
images/cabe446a-c183-4f29-bfeb-09e13c15b9a9.jpg;[]
images/4d0ebee7-0713-4598-a613-3bed85fcb202.jpg;[]
images/4f98a55d-6608-4c88-8c72-9bc2be15486c.jpg;[]